source,signal_date,code,name,signal,score,tier,stars,regime,sentiment_level,position_pct,stop_loss_pct,theme,cluster,pool,signal_3d,market_panic,triggers,cautions,note,close_t,close_t1,close_t3,close_t5,close_t10,ret_1d,ret_3d,ret_5d,ret_10d,max_gain_10d,max_drawdown_10d,ret_csi300_1d,ret_csi300_3d,ret_csi300_5d,ret_csi300_10d,excess_1d,excess_3d,excess_5d,excess_10d,hit_stop_10d,review_status
main,2026-04-20,159206,卫星ETF,REDUCE,65.3,B,,R2,,0,6.0,,,,,,,,当前机制R2不支持B级品种,1.883,1.885,1.867,1.82,,0.001062,-0.008497,-0.033457,,0.015932,-0.065321,0.00222,0.006073,0.00284,,-0.001158,-0.01457,-0.036297,,True,pending
main,2026-04-20,159326,电网设备ETF,REDUCE,62.5,B,,R2,,0,6.0,,,,,,,,当前机制R2不支持B级品种,1.982,1.96,2.017,1.983,,-0.0111,0.017659,0.000505,,0.036327,-0.028759,0.00222,0.006073,0.00284,,-0.01332,0.011586,-0.002335,,False,pending
main,2026-04-20,159995,芯片ETF,AVOID,52.6,C,,R2,,0,0,,,,,,,,政策/综合评分不足，禁止配置,1.881,1.854,1.879,2.006,,-0.014354,-0.001063,0.066454,,0.083466,-0.028177,0.00222,0.006073,0.00284,,-0.016574,-0.007136,0.063614,,True,pending
main,2026-04-20,561980,芯片设备ETF,AVOID,52.4,C,,R2,,0,0,,,,,,,,政策/综合评分不足，禁止配置,2.313,2.269,2.31,2.499,,-0.019023,-0.001297,0.080415,,0.110679,-0.027237,0.00222,0.006073,0.00284,,-0.021243,-0.00737,0.077575,,True,pending
main,2026-04-20,562500,机器人ETF,AVOID,50.8,C,,R2,,0,0,,,,,,,,政策/综合评分不足，禁止配置,1.017,1.014,1.013,1.033,,-0.00295,-0.003933,0.015733,,0.018682,-0.022616,0.00222,0.006073,0.00284,,-0.00517,-0.010006,0.012893,,True,pending
main,2026-04-20,588000,科创50ETF,AVOID,50.6,C,,R2,,0,0,,,,,,,,政策/综合评分不足，禁止配置,1.527,1.504,1.508,1.591,,-0.015062,-0.012443,0.041912,,0.053045,-0.023576,0.00222,0.006073,0.00284,,-0.017282,-0.018515,0.039072,,True,pending
main,2026-04-20,159667,工业母机ETF,AVOID,50.1,C,,R2,,0,0,,,,,,,,政策/综合评分不足，禁止配置,1.962,1.975,1.994,2.001,,0.006626,0.01631,0.019878,,0.034149,-0.01631,0.00222,0.006073,0.00284,,0.004406,0.010237,0.017038,,True,pending
main,2026-04-20,515880,通信ETF,AVOID,50.1,C,,R2,,0,0,,,,,,,,政策/综合评分不足，禁止配置,1.342,1.338,1.396,1.355,,-0.002981,0.040238,0.009687,,0.067064,-0.031297,0.00222,0.006073,0.00284,,-0.0052,0.034166,0.006847,,True,pending
main,2026-04-20,562960,绿色电力ETF,AVOID,48.2,C,,R2,,0,0,,,,,,,,政策/综合评分不足，禁止配置,1.203,1.22,1.238,1.211,,0.014131,0.029094,0.00665,,0.031588,-0.010806,0.00222,0.006073,0.00284,,0.011912,0.023021,0.00381,,True,pending
main,2026-04-20,159611,电力ETF,AVOID,46.5,C,,R2,,0,0,,,,,,,,政策/综合评分不足，禁止配置,1.109,1.123,1.142,1.116,,0.012624,0.029757,0.006312,,0.032462,-0.009017,0.00222,0.006073,0.00284,,0.010404,0.023684,0.003472,,True,pending
main,2026-04-20,159715,稀土ETF,AVOID,46.3,C,,R2,,0,0,,,,,,,,政策/综合评分不足，禁止配置,1.351,1.35,1.3,1.3,,-0.00074,-0.03775,-0.03775,,0.005181,-0.061436,0.00222,0.006073,0.00284,,-0.00296,-0.043822,-0.04059,,True,pending
main,2026-04-20,515450,红利低波50,AVOID,45.7,C,,R2,,0,0,,,,,,,,政策/综合评分不足，禁止配置,1.423,1.437,1.439,1.433,,0.009838,0.011244,0.007027,,0.018974,0.0,0.00222,0.006073,0.00284,,0.007619,0.005171,0.004188,,True,pending
main,2026-04-20,159870,化工ETF,AVOID,28.9,D,,R2,,0,0,,,,,,,,政策/综合评分不足，禁止配置,0.897,0.909,0.897,0.926,,0.013378,0.0,0.03233,,0.070234,-0.020067,0.00222,0.006073,0.00284,,0.011158,-0.006073,0.02949,,True,pending
main,2026-04-21,159206,卫星ETF,REDUCE,65.3,B,,R2,WARM,0,6.0,,,,,,,,当前机制R2不支持B级品种,1.885,1.89,1.806,1.78,,0.002653,-0.04191,-0.055703,,0.014854,-0.066313,0.006634,0.000287,-0.002053,,-0.003981,-0.042197,-0.05365,,True,pending
main,2026-04-21,159326,电网设备ETF,REDUCE,61.0,B,,R2,WARM,0,6.0,,,,,,,,当前机制R2不支持B级品种,1.96,2.014,1.984,1.943,,0.027551,0.012245,-0.008673,,0.047959,-0.017857,0.006634,0.000287,-0.002053,,0.020917,0.011958,-0.00662,,False,pending
main,2026-04-21,562500,机器人ETF,REDUCE,58.5,B,,R2,WARM,0,6.0,,,,,,,,当前机制R2不支持B级品种,1.014,1.022,1.006,1.012,,0.00789,-0.00789,-0.001972,,0.021696,-0.019724,0.006634,0.000287,-0.002053,,0.001256,-0.008177,8.1e-05,,False,pending
main,2026-04-21,515450,红利低波50,AVOID,51.8,C,,R2,WARM,0,0,,,,,,,,政策/综合评分不足，禁止配置,1.437,1.43,1.439,1.441,,-0.004871,0.001392,0.002784,,0.009047,-0.006263,0.006634,0.000287,-0.002053,,-0.011505,0.001104,0.004837,,True,pending
main,2026-04-21,159667,工业母机ETF,AVOID,51.6,C,,R2,WARM,0,0,,,,,,,,政策/综合评分不足，禁止配置,1.975,2.012,1.981,1.955,,0.018734,0.003038,-0.010127,,0.027342,-0.022785,0.006634,0.000287,-0.002053,,0.0121,0.002751,-0.008073,,True,pending
main,2026-04-21,159715,稀土ETF,AVOID,50.9,C,,R2,WARM,0,0,,,,,,,,政策/综合评分不足，禁止配置,1.35,1.355,1.3,1.272,,0.003704,-0.037037,-0.057778,,0.005926,-0.060741,0.006634,0.000287,-0.002053,,-0.00293,-0.037324,-0.055725,,True,pending
main,2026-04-21,588000,科创50ETF,AVOID,50.6,C,,R2,WARM,0,0,,,,,,,,政策/综合评分不足，禁止配置,1.504,1.529,1.531,1.568,,0.016622,0.017952,0.042553,,0.069149,-0.007314,0.006634,0.000287,-0.002053,,0.009989,0.017665,0.044606,,True,pending
main,2026-04-21,515880,通信ETF,AVOID,50.1,C,,R2,WARM,0,0,,,,,,,,政策/综合评分不足，禁止配置,1.338,1.413,1.339,1.327,,0.056054,0.000747,-0.008221,,0.070254,-0.028401,0.006634,0.000287,-0.002053,,0.04942,0.00046,-0.006168,,True,pending
main,2026-04-21,159611,电力ETF,AVOID,49.6,C,,R2,WARM,0,0,,,,,,,,政策/综合评分不足，禁止配置,1.123,1.12,1.123,1.123,,-0.002671,0.0,0.0,,0.01959,-0.016919,0.006634,0.000287,-0.002053,,-0.009305,-0.000287,0.002053,,True,pending
main,2026-04-21,562960,绿色电力ETF,AVOID,48.2,C,,R2,WARM,0,0,,,,,,,,政策/综合评分不足，禁止配置,1.22,1.219,1.219,1.217,,-0.00082,-0.00082,-0.002459,,0.017213,-0.019672,0.006634,0.000287,-0.002053,,-0.007453,-0.001107,-0.000406,,True,pending
main,2026-04-21,159995,芯片ETF,AVOID,47.9,C,,R2,WARM,0,0,,,,,,,,政策/综合评分不足，禁止配置,1.854,1.904,1.912,1.98,,0.026969,0.031284,0.067961,,0.099245,-0.007551,0.006634,0.000287,-0.002053,,0.020335,0.030996,0.070014,,True,pending
main,2026-04-21,561980,芯片设备ETF,AVOID,44.7,C,,R2,WARM,0,0,,,,,,,,政策/综合评分不足，禁止配置,2.269,2.332,2.354,2.495,,0.027766,0.037461,0.099603,,0.132217,-0.006611,0.006634,0.000287,-0.002053,,0.021132,0.037174,0.101657,,True,pending
main,2026-04-21,159870,化工ETF,AVOID,28.9,D,,R2,WARM,0,0,,,,,,,,政策/综合评分不足，禁止配置,0.909,0.907,0.92,0.927,,-0.0022,0.012101,0.019802,,0.056106,-0.022002,0.006634,0.000287,-0.002053,,-0.008834,0.011814,0.021855,,True,pending
main,2026-04-22,159206,卫星ETF,REDUCE,66.0,B,,R2,HOT,0,6.0,,,,,,,,当前机制R2不支持B级品种,1.89,1.867,1.82,1.784,,-0.012169,-0.037037,-0.056085,,0.012169,-0.068783,-0.002771,-0.005975,0.002234,,-0.009398,-0.031062,-0.058318,,True,pending
main,2026-04-22,159326,电网设备ETF,REDUCE,64.2,B,,R2,HOT,0,6.0,,,,,,,,当前机制R2不支持B级品种,2.014,2.017,1.983,1.965,,0.00149,-0.015392,-0.02433,,0.019861,-0.044191,-0.002771,-0.005975,0.002234,,0.004261,-0.009417,-0.026563,,False,pending
main,2026-04-22,512480,半导体ETF,REDUCE,58.9,B,,R2,HOT,0,6.0,,,,,,,,当前机制R2不支持B级品种,1.677,1.648,1.755,1.732,,-0.017293,0.046512,0.032797,,0.062612,-0.025641,-0.002771,-0.005975,0.002234,,-0.014522,0.052487,0.030563,,False,pending
main,2026-04-22,159667,工业母机ETF,REDUCE,58.5,B,,R2,HOT,0,6.0,,,,,,,,当前机制R2不支持B级品种,2.012,1.994,2.001,2.024,,-0.008946,-0.005467,0.005964,,0.008449,-0.040755,-0.002771,-0.005975,0.002234,,-0.006175,0.000508,0.003731,,False,pending
main,2026-04-22,159995,芯片ETF,REDUCE,58.0,B,,R2,HOT,0,6.0,,,,,,,,当前机制R2不支持B级品种,1.904,1.879,2.006,1.97,,-0.01313,0.053571,0.034664,,0.070378,-0.022059,-0.002771,-0.005975,0.002234,,-0.010359,0.059547,0.03243,,False,pending
main,2026-04-22,562960,绿色电力ETF,REDUCE,56.8,B,,R2,HOT,0,6.0,,,,,,,,当前机制R2不支持B级品种,1.219,1.238,1.211,1.219,,0.015587,-0.006563,0.0,,0.018048,-0.018868,-0.002771,-0.005975,0.002234,,0.018358,-0.000587,-0.002234,,False,pending
main,2026-04-22,159915,创业板ETF,REDUCE,56.3,B,,R2,HOT,0,6.0,,,,,,,,当前机制R2不支持B级品种,3.758,3.728,3.652,3.694,,-0.007983,-0.028206,-0.01703,,0.008249,-0.047898,-0.002771,-0.005975,0.002234,,-0.005212,-0.022231,-0.019264,,False,pending
main,2026-04-22,561910,电池ETF,REDUCE,56.1,B,,R2,HOT,0,6.0,,,,,,,,当前机制R2不支持B级品种,0.926,0.912,0.931,0.966,,-0.015119,0.0054,0.043197,,0.043197,-0.024838,-0.002771,-0.005975,0.002234,,-0.012348,0.011375,0.040963,,False,pending
main,2026-04-22,516850,新能源ETF,REDUCE,55.6,B,,R2,HOT,0,6.0,,,,,,,,当前机制R2不支持B级品种,1.19,1.175,1.181,1.209,,-0.012605,-0.007563,0.015966,,0.016807,-0.033613,-0.002771,-0.005975,0.002234,,-0.009834,-0.001588,0.013733,,False,pending
main,2026-04-22,002371,北方华创,REDUCE,55.4,B,,R2,HOT,0,6.0,,,,,,,,当前机制R2不支持B级品种,477.95,475.0,516.25,510.71,,-0.006172,0.080134,0.068543,,0.124072,-0.029606,-0.002771,-0.005975,0.002234,,-0.003401,0.086109,0.066309,,False,pending
main,2026-04-22,562500,机器人ETF,REDUCE,55.3,B,,R2,HOT,0,6.0,,,,,,,,当前机制R2不支持B级品种,1.022,1.013,1.033,1.021,,-0.008806,0.010763,-0.000978,,0.013699,-0.027397,-0.002771,-0.005975,0.002234,,-0.006035,0.016739,-0.003212,,False,pending
main,2026-04-22,588080,科创50ETF,AVOID,54.6,C,,R2,HOT,0,0,,,,,,,,政策/综合评分不足，禁止配置,1.482,1.463,1.544,1.526,,-0.012821,0.041835,0.02969,,0.051957,-0.023617,-0.002771,-0.005975,0.002234,,-0.010049,0.047811,0.027456,,True,pending
main,2026-04-22,515880,通信ETF,AVOID,53.5,C,,R2,HOT,0,0,,,,,,,,政策/综合评分不足，禁止配置,1.413,1.396,1.355,1.328,,-0.012031,-0.041047,-0.060156,,0.013447,-0.079972,-0.002771,-0.005975,0.002234,,-0.00926,-0.035072,-0.062389,,True,pending
main,2026-04-22,159715,稀土ETF,AVOID,53.3,C,,R2,HOT,0,0,,,,,,,,政策/综合评分不足，禁止配置,1.355,1.3,1.3,1.35,,-0.04059,-0.04059,-0.00369,,0.0,-0.064207,-0.002771,-0.005975,0.002234,,-0.037819,-0.034615,-0.005924,,True,pending
main,2026-04-22,561980,半导体设备ETF,AVOID,52.5,C,,R2,HOT,0,0,,,,,,,,政策/综合评分不足，禁止配置,2.332,2.31,2.499,2.487,,-0.009434,0.071612,0.066467,,0.10163,-0.021012,-0.002771,-0.005975,0.002234,,-0.006663,0.077588,0.064233,,True,pending
main,2026-04-22,512400,有色金属ETF,AVOID,51.8,C,,R2,HOT,0,0,,,,,,,,政策/综合评分不足，禁止配置,2.179,2.098,2.095,2.14,,-0.037173,-0.03855,-0.017898,,0.002754,-0.067462,-0.002771,-0.005975,0.002234,,-0.034402,-0.032574,-0.020132,,True,pending
main,2026-04-22,510500,中证500ETF,AVOID,51.5,C,,R2,HOT,0,0,,,,,,,,政策/综合评分不足，禁止配置,8.455,8.375,8.368,8.422,,-0.009462,-0.01029,-0.003903,,0.002247,-0.026138,-0.002771,-0.005975,0.002234,,-0.006691,-0.004314,-0.006137,,True,pending
main,2026-04-22,600900,长江电力,AVOID,51.3,C,,R2,HOT,0,0,,,,,,,,政策/综合评分不足，禁止配置,26.86,26.95,26.66,26.77,,0.003351,-0.007446,-0.003351,,0.005585,-0.00968,-0.002771,-0.005975,0.002234,,0.006122,-0.001471,-0.005584,,True,pending
main,2026-04-22,159611,电力ETF,AVOID,49.9,C,,R2,HOT,0,0,,,,,,,,政策/综合评分不足，禁止配置,1.12,1.142,1.116,1.124,,0.019643,-0.003571,0.003571,,0.022321,-0.014286,-0.002771,-0.005975,0.002234,,0.022414,0.002404,0.001338,,True,pending
main,2026-04-22,515790,光伏ETF,AVOID,48.8,C,,R2,HOT,0,0,,,,,,,,政策/综合评分不足，禁止配置,1.085,1.078,1.053,1.059,,-0.006452,-0.029493,-0.023963,,0.009217,-0.058065,-0.002771,-0.005975,0.002234,,-0.003681,-0.023518,-0.026197,,True,pending
main,2026-04-22,515450,红利低波50,AVOID,45.9,C,,R2,HOT,0,0,,,,,,,,政策/综合评分不足，禁止配置,1.43,1.439,1.433,1.445,,0.006294,0.002098,0.01049,,0.013986,-0.001399,-0.002771,-0.005975,0.002234,,0.009065,0.008073,0.008256,,True,pending
main,2026-04-22,300274,阳光电源,AVOID,45.2,C,,R2,HOT,0,0,,,,,,,,政策/综合评分不足，禁止配置,136.91,134.5,131.39,138.07,,-0.017603,-0.040318,0.008473,,0.014389,-0.088379,-0.002771,-0.005975,0.002234,,-0.014832,-0.034343,0.006239,,True,pending
main,2026-04-22,513180,恒生科技ETF,AVOID,44.8,C,,R2,HOT,0,0,,,,,,,,政策/综合评分不足，禁止配置,0.639,0.625,0.632,0.628,,-0.021909,-0.010955,-0.017214,,-0.001565,-0.039124,-0.002771,-0.005975,0.002234,,-0.019138,-0.004979,-0.019448,,True,pending
main,2026-04-22,159941,纳指ETF,AVOID,44.4,C,,R2,HOT,0,0,,,,,,,,政策/综合评分不足，禁止配置,1.407,1.417,1.45,1.452,,0.007107,0.030561,0.031983,,0.03909,0.001421,-0.002771,-0.005975,0.002234,,0.009878,0.036537,0.029749,,False,pending
main,2026-04-22,510050,上证50ETF,AVOID,42.8,C,,R2,HOT,0,0,,,,,,,,政策/综合评分不足，禁止配置,3.005,3.001,3.013,3.041,,-0.001331,0.002662,0.01198,,0.013644,-0.006988,-0.002771,-0.005975,0.002234,,0.00144,0.008638,0.009747,,True,pending
main,2026-04-22,600036,招商银行,AVOID,42.2,C,,R2,HOT,0,0,,,,,,,,政策/综合评分不足，禁止配置,39.74,39.81,39.38,38.5,,0.001761,-0.009059,-0.031203,,0.006291,-0.035229,-0.002771,-0.005975,0.002234,,0.004532,-0.003083,-0.033436,,True,pending
main,2026-04-22,601398,工商银行,AVOID,41.7,C,,R2,HOT,0,0,,,,,,,,政策/综合评分不足，禁止配置,7.52,7.58,7.51,7.47,,0.007979,-0.00133,-0.006649,,0.013298,-0.010638,-0.002771,-0.005975,0.002234,,0.01075,0.004646,-0.008882,,True,pending
main,2026-04-22,515850,证券ETF,AVOID,41.6,C,,R2,HOT,0,0,,,,,,,,政策/综合评分不足，禁止配置,1.333,1.322,1.311,1.333,,-0.008252,-0.016504,0.0,,0.006002,-0.023256,-0.002771,-0.005975,0.002234,,-0.005481,-0.010529,-0.002234,,True,pending
main,2026-04-22,159567,港股创新药ETF,AVOID,41.5,C,,R2,HOT,0,0,,,,,,,,政策/综合评分不足，禁止配置,0.803,0.763,0.764,0.754,,-0.049813,-0.048568,-0.061021,,-0.002491,-0.073474,-0.002771,-0.005975,0.002234,,-0.047042,-0.042592,-0.063255,,True,pending
main,2026-04-22,518880,黄金ETF,AVOID,39.1,D,,R2,HOT,0,0,,,,,,,,政策/综合评分不足，禁止配置,10.004,9.9,9.897,9.637,,-0.010396,-0.010696,-0.036685,,-0.005698,-0.037385,-0.002771,-0.005975,0.002234,,-0.007625,-0.00472,-0.038919,,True,pending
main,2026-04-22,159870,化工ETF,AVOID,38.9,D,,R2,HOT,0,0,,,,,,,,政策/综合评分不足，禁止配置,0.907,0.897,0.926,0.956,,-0.011025,0.020948,0.054024,,0.058434,-0.019846,-0.002771,-0.005975,0.002234,,-0.008254,0.026924,0.051791,,True,pending
main,2026-04-22,159275,农牧渔ETF,AVOID,37.0,D,,R2,HOT,0,0,,,,,,,,政策/综合评分不足，禁止配置,0.964,0.95,0.931,0.957,,-0.014523,-0.034232,-0.007261,,0.004149,-0.039419,-0.002771,-0.005975,0.002234,,-0.011752,-0.028257,-0.009495,,True,pending
main,2026-04-22,515220,煤炭ETF,AVOID,33.2,D,,R2,HOT,0,0,,,,,,,,政策/综合评分不足，禁止配置,1.21,1.246,1.254,1.32,,0.029752,0.036364,0.090909,,0.101653,-0.004959,-0.002771,-0.005975,0.002234,,0.032523,0.042339,0.088676,,True,pending
main,2026-04-22,600989,宝丰能源,AVOID,31.8,D,,R2,HOT,0,0,,,,,,,,政策/综合评分不足，禁止配置,27.74,28.36,29.66,31.13,,0.02235,0.069214,0.122206,,0.128335,-0.016583,-0.002771,-0.005975,0.002234,,0.025121,0.07519,0.119973,,True,pending
main,2026-04-23,159326,电网设备ETF,HOLD,72.4,A,,R2,HOT,4.3,6.0,,,,,,,,市场情绪HOT，信号降级，等待回落,2.017,1.984,1.943,,,-0.016361,-0.036688,,,0.001487,-0.045612,-0.003543,-0.005875,,,-0.012818,-0.030813,,,False,pending
main,2026-04-23,159206,卫星ETF,HOLD,71.2,A,,R2,HOT,2.7,6.0,,,,,,,,择时拦截：市场HOT+连涨9日+距MA5偏离+2.3%，等回落再介入,1.867,1.806,1.78,,,-0.032673,-0.046599,,,-0.005356,-0.057311,-0.003543,-0.005875,,,-0.029129,-0.040724,,,False,pending
main,2026-04-23,512480,半导体ETF,REDUCE,66.3,B,,R2,HOT,0,6.0,,,,,,,,当前机制R2不支持B级品种,1.648,1.677,1.735,,,0.017597,0.052791,,,0.081311,-0.006675,-0.003543,-0.005875,,,0.021141,0.058666,,,False,pending
main,2026-04-23,159995,芯片ETF,REDUCE,65.0,B,,R2,HOT,0,6.0,,,,,,,,当前机制R2不支持B级品种,1.879,1.912,1.98,,,0.017563,0.053752,,,0.084619,-0.007451,-0.003543,-0.005875,,,0.021106,0.059627,,,False,pending
main,2026-04-23,159667,工业母机ETF,REDUCE,63.9,B,,R2,HOT,0,6.0,,,,,,,,当前机制R2不支持B级品种,1.994,1.981,1.955,,,-0.00652,-0.019559,,,0.017553,-0.032096,-0.003543,-0.005875,,,-0.002976,-0.013684,,,False,pending
main,2026-04-23,002371,北方华创,REDUCE,63.9,B,,R2,HOT,0,6.0,,,,,,,,当前机制R2不支持B级品种,475.0,472.7,517.21,,,-0.004842,0.088863,,,0.131053,-0.023579,-0.003543,-0.005875,,,-0.001299,0.094738,,,False,pending
main,2026-04-23,588080,科创50ETF,REDUCE,62.9,B,,R2,HOT,0,6.0,,,,,,,,当前机制R2不支持B级品种,1.463,1.485,1.52,,,0.015038,0.038961,,,0.065619,-0.010936,-0.003543,-0.005875,,,0.018581,0.044836,,,False,pending
main,2026-04-23,159915,创业板ETF,REDUCE,62.7,B,,R2,HOT,0,6.0,,,,,,,,当前机制R2不支持B级品种,3.728,3.674,3.602,,,-0.014485,-0.033798,,,-0.006438,-0.040236,-0.003543,-0.005875,,,-0.010942,-0.027923,,,False,pending
main,2026-04-23,561980,半导体设备ETF,REDUCE,59.5,B,,R2,HOT,0,6.0,,,,,,,,当前机制R2不支持B级品种,2.31,2.354,2.495,,,0.019048,0.080087,,,0.112121,-0.004762,-0.003543,-0.005875,,,0.022591,0.085962,,,False,pending
main,2026-04-23,562500,机器人ETF,REDUCE,59.3,B,,R2,HOT,0,6.0,,,,,,,,当前机制R2不支持B级品种,1.013,1.006,1.012,,,-0.00691,-0.000987,,,0.022705,-0.018756,-0.003543,-0.005875,,,-0.003367,0.004888,,,False,pending
main,2026-04-23,159715,稀土ETF,REDUCE,58.2,B,,R2,HOT,0,6.0,,,,,,,,当前机制R2不支持B级品种,1.3,1.3,1.272,,,0.0,-0.021538,,,0.038462,-0.024615,-0.003543,-0.005875,,,0.003543,-0.015663,,,False,pending
main,2026-04-23,516850,新能源ETF,REDUCE,57.7,B,,R2,HOT,0,6.0,,,,,,,,当前机制R2不支持B级品种,1.175,1.187,1.163,,,0.010213,-0.010213,,,0.029787,-0.021277,-0.003543,-0.005875,,,0.013756,-0.004338,,,False,pending
main,2026-04-23,562960,绿色电力ETF,REDUCE,57.3,B,,R2,HOT,0,6.0,,,,,,,,当前机制R2不支持B级品种,1.238,1.219,1.217,,,-0.015347,-0.016963,,,0.000808,-0.033926,-0.003543,-0.005875,,,-0.011804,-0.011088,,,False,pending
main,2026-04-23,561910,电池ETF,REDUCE,57.2,B,,R2,HOT,0,6.0,,,,,,,,当前机制R2不支持B级品种,0.912,0.928,0.913,,,0.017544,0.001096,,,0.059211,-0.008772,-0.003543,-0.005875,,,0.021087,0.006972,,,False,pending
main,2026-04-23,510500,中证500ETF,REDUCE,57.1,B,,R2,HOT,0,6.0,,,,,,,,当前机制R2不支持B级品种,8.375,8.323,8.273,,,-0.006209,-0.012179,,,0.007284,-0.016836,-0.003543,-0.005875,,,-0.002666,-0.006304,,,False,pending
main,2026-04-23,159611,电力ETF,REDUCE,56.1,B,,R2,HOT,0,6.0,,,,,,,,当前机制R2不支持B级品种,1.142,1.123,1.123,,,-0.016637,-0.016637,,,-0.003503,-0.033275,-0.003543,-0.005875,,,-0.013094,-0.010762,,,False,pending
main,2026-04-23,515790,光伏ETF,AVOID,54.7,C,,R2,HOT,0,0,,,,,,,,政策/综合评分不足，禁止配置,1.078,1.062,1.04,,,-0.014842,-0.03525,,,-0.001855,-0.051948,-0.003543,-0.005875,,,-0.011299,-0.029375,,,True,pending
main,2026-04-23,515880,通信ETF,AVOID,54.5,C,,R2,HOT,0,0,,,,,,,,政策/综合评分不足，禁止配置,1.396,1.339,1.327,,,-0.040831,-0.049427,,,-0.010029,-0.068768,-0.003543,-0.005875,,,-0.037288,-0.043552,,,True,pending
main,2026-04-23,512400,有色金属ETF,AVOID,53.8,C,,R2,HOT,0,0,,,,,,,,政策/综合评分不足，禁止配置,2.098,2.118,2.043,,,0.009533,-0.026215,,,0.020019,-0.031459,-0.003543,-0.005875,,,0.013076,-0.02034,,,True,pending
main,2026-04-23,600900,长江电力,AVOID,51.8,C,,R2,HOT,0,0,,,,,,,,政策/综合评分不足，禁止配置,26.95,26.81,26.73,,,-0.005195,-0.008163,,,0.0,-0.012987,-0.003543,-0.005875,,,-0.001651,-0.002288,,,True,pending
main,2026-04-23,510050,上证50ETF,AVOID,50.5,C,,R2,HOT,0,0,,,,,,,,政策/综合评分不足，禁止配置,3.001,3.018,3.024,,,0.005665,0.007664,,,0.014995,-0.004998,-0.003543,-0.005875,,,0.009208,0.013539,,,True,pending
main,2026-04-23,159941,纳指ETF,AVOID,50.1,C,,R2,HOT,0,0,,,,,,,,政策/综合评分不足，禁止配置,1.417,1.418,1.457,,,0.000706,0.028229,,,0.031757,-0.001411,-0.003543,-0.005875,,,0.004249,0.034104,,,True,pending
main,2026-04-23,300274,阳光电源,AVOID,47.8,C,,R2,HOT,0,0,,,,,,,,政策/综合评分不足，禁止配置,134.5,133.79,129.89,,,-0.005279,-0.034275,,,0.032565,-0.072045,-0.003543,-0.005875,,,-0.001735,-0.0284,,,True,pending
main,2026-04-23,515450,红利低波50,AVOID,47.7,C,,R2,HOT,0,0,,,,,,,,政策/综合评分不足，禁止配置,1.439,1.439,1.441,,,0.0,0.00139,,,0.007644,-0.006949,-0.003543,-0.005875,,,0.003543,0.007265,,,True,pending
main,2026-04-23,515850,证券ETF,AVOID,46.0,C,,R2,HOT,0,0,,,,,,,,政策/综合评分不足，禁止配置,1.322,1.31,1.325,,,-0.009077,0.002269,,,0.014372,-0.015129,-0.003543,-0.005875,,,-0.005534,0.008144,,,True,pending
main,2026-04-23,513180,恒生科技ETF,AVOID,44.8,C,,R2,HOT,0,0,,,,,,,,政策/综合评分不足，禁止配置,0.625,0.628,0.621,,,0.0048,-0.0064,,,0.0192,-0.0176,-0.003543,-0.005875,,,0.008343,-0.000525,,,True,pending
main,2026-04-23,600036,招商银行,AVOID,43.0,C,,R2,HOT,0,0,,,,,,,,政策/综合评分不足，禁止配置,39.81,39.38,39.6,,,-0.010801,-0.005275,,,0.004521,-0.036925,-0.003543,-0.005875,,,-0.007258,0.0006,,,True,pending
main,2026-04-23,159567,港股创新药ETF,AVOID,42.7,C,,R2,HOT,0,0,,,,,,,,政策/综合评分不足，禁止配置,0.763,0.768,0.756,,,0.006553,-0.009174,,,0.023591,-0.024902,-0.003543,-0.005875,,,0.010097,-0.003299,,,True,pending
main,2026-04-23,601398,工商银行,AVOID,42.0,C,,R2,HOT,0,0,,,,,,,,政策/综合评分不足，禁止配置,7.58,7.58,7.53,,,0.0,-0.006596,,,0.005277,-0.01847,-0.003543,-0.005875,,,0.003543,-0.000721,,,True,pending
main,2026-04-23,159275,农牧渔ETF,AVOID,41.6,C,,R2,HOT,0,0,,,,,,,,政策/综合评分不足，禁止配置,0.95,0.94,0.939,,,-0.010526,-0.011579,,,0.018947,-0.025263,-0.003543,-0.005875,,,-0.006983,-0.005704,,,True,pending
main,2026-04-23,159870,化工ETF,AVOID,41.2,C,,R2,HOT,0,0,,,,,,,,政策/综合评分不足，禁止配置,0.897,0.92,0.927,,,0.025641,0.033445,,,0.070234,-0.003344,-0.003543,-0.005875,,,0.029184,0.03932,,,True,pending
main,2026-04-23,518880,黄金ETF,AVOID,40.7,C,,R2,HOT,0,0,,,,,,,,政策/综合评分不足，禁止配置,9.9,9.826,9.732,,,-0.007475,-0.01697,,,0.001717,-0.027273,-0.003543,-0.005875,,,-0.003931,-0.011095,,,True,pending
main,2026-04-23,600989,宝丰能源,AVOID,38.5,D,,R2,HOT,0,0,,,,,,,,政策/综合评分不足，禁止配置,28.36,29.47,30.96,,,0.03914,0.091678,,,0.103667,-0.00952,-0.003543,-0.005875,,,0.042683,0.097553,,,True,pending
main,2026-04-23,515220,煤炭ETF,AVOID,37.3,D,,R2,HOT,0,0,,,,,,,,政策/综合评分不足，禁止配置,1.246,1.247,1.298,,,0.000803,0.041734,,,0.069823,-0.020064,-0.003543,-0.005875,,,0.004346,0.047609,,,True,pending
main,2026-04-24,159326,电网设备ETF,REDUCE,64.8,B,,R2,WARM,0,6.0,,,,,,,,当前机制R2不支持B级品种,1.984,1.983,1.965,,,-0.000504,-0.009577,,,0.00756,-0.029738,0.000331,0.008592,,,-0.000835,-0.018169,,,False,pending
main,2026-04-24,512480,半导体ETF,REDUCE,63.0,B,,R2,WARM,0,6.0,,,,,,,,当前机制R2不支持B级品种,1.677,1.755,1.732,,,0.046512,0.032797,,,0.062612,0.000596,0.000331,0.008592,,,0.04618,0.024204,,,False,pending
main,2026-04-24,159995,芯片ETF,REDUCE,62.1,B,,R2,WARM,0,6.0,,,,,,,,当前机制R2不支持B级品种,1.912,2.006,1.97,,,0.049163,0.030335,,,0.0659,0.001569,0.000331,0.008592,,,0.048832,0.021742,,,False,pending
main,2026-04-24,159206,卫星ETF,REDUCE,60.1,B,,R2,WARM,0,6.0,,,,,,,,当前机制R2不支持B级品种,1.806,1.82,1.784,,,0.007752,-0.012182,,,0.017165,-0.025471,0.000331,0.008592,,,0.007421,-0.020774,,,False,pending
main,2026-04-24,561980,半导体设备ETF,REDUCE,59.6,B,,R2,WARM,0,6.0,,,,,,,,当前机制R2不支持B级品种,2.354,2.499,2.487,,,0.061597,0.0565,,,0.091334,0.008921,0.000331,0.008592,,,0.061266,0.047907,,,False,pending
main,2026-04-24,588080,科创50ETF,REDUCE,58.7,B,,R2,WARM,0,6.0,,,,,,,,当前机制R2不支持B级品种,1.485,1.544,1.526,,,0.039731,0.027609,,,0.049832,-0.000673,0.000331,0.008592,,,0.039399,0.019017,,,False,pending
main,2026-04-24,561910,电池ETF,REDUCE,57.3,B,,R2,WARM,0,6.0,,,,,,,,当前机制R2不支持B级品种,0.928,0.931,0.966,,,0.003233,0.040948,,,0.040948,-0.025862,0.000331,0.008592,,,0.002901,0.032356,,,False,pending
main,2026-04-24,159667,工业母机ETF,REDUCE,56.8,B,,R2,WARM,0,6.0,,,,,,,,当前机制R2不支持B级品种,1.981,2.001,2.024,,,0.010096,0.021706,,,0.02423,-0.025745,0.000331,0.008592,,,0.009765,0.013114,,,False,pending
main,2026-04-24,516850,新能源ETF,AVOID,53.2,C,,R2,WARM,0,0,,,,,,,,政策/综合评分不足，禁止配置,1.187,1.181,1.209,,,-0.005055,0.018534,,,0.019377,-0.031171,0.000331,0.008592,,,-0.005386,0.009942,,,True,pending
main,2026-04-24,002371,北方华创,AVOID,53.0,C,,R2,WARM,0,0,,,,,,,,政策/综合评分不足，禁止配置,472.7,516.25,510.71,,,0.09213,0.08041,,,0.136556,0.006897,0.000331,0.008592,,,0.091799,0.071818,,,False,pending
main,2026-04-24,515450,红利低波50,AVOID,52.4,C,,R2,WARM,0,0,,,,,,,,政策/综合评分不足，禁止配置,1.439,1.433,1.445,,,-0.00417,0.00417,,,0.007644,-0.006949,0.000331,0.008592,,,-0.004501,-0.004423,,,True,pending
main,2026-04-24,562960,绿色电力ETF,AVOID,52.1,C,,R2,WARM,0,0,,,,,,,,政策/综合评分不足，禁止配置,1.219,1.211,1.219,,,-0.006563,0.0,,,0.003281,-0.018868,0.000331,0.008592,,,-0.006894,-0.008592,,,True,pending
main,2026-04-24,600900,长江电力,AVOID,51.9,C,,R2,WARM,0,0,,,,,,,,政策/综合评分不足，禁止配置,26.81,26.66,26.77,,,-0.005595,-0.001492,,,0.001492,-0.007833,0.000331,0.008592,,,-0.005926,-0.010084,,,True,pending
main,2026-04-24,562500,机器人ETF,AVOID,51.2,C,,R2,WARM,0,0,,,,,,,,政策/综合评分不足，禁止配置,1.006,1.033,1.021,,,0.026839,0.014911,,,0.029821,-0.00497,0.000331,0.008592,,,0.026508,0.006318,,,True,pending
main,2026-04-24,159611,电力ETF,AVOID,50.5,C,,R2,WARM,0,0,,,,,,,,政策/综合评分不足，禁止配置,1.123,1.116,1.124,,,-0.006233,0.00089,,,0.007124,-0.016919,0.000331,0.008592,,,-0.006565,-0.007702,,,True,pending
main,2026-04-24,601398,工商银行,AVOID,50.5,C,,R2,WARM,0,0,,,,,,,,政策/综合评分不足，禁止配置,7.58,7.51,7.47,,,-0.009235,-0.014512,,,0.005277,-0.01847,0.000331,0.008592,,,-0.009566,-0.023104,,,True,pending
main,2026-04-24,159915,创业板ETF,AVOID,50.4,C,,R2,WARM,0,0,,,,,,,,政策/综合评分不足，禁止配置,3.674,3.652,3.694,,,-0.005988,0.005444,,,0.007077,-0.02613,0.000331,0.008592,,,-0.006319,-0.003149,,,True,pending
main,2026-04-24,600989,宝丰能源,AVOID,50.1,C,,R2,WARM,0,0,,,,,,,,政策/综合评分不足，禁止配置,29.47,29.66,31.13,,,0.006447,0.056328,,,0.062097,-0.004751,0.000331,0.008592,,,0.006116,0.047736,,,True,pending
main,2026-04-24,510050,上证50ETF,AVOID,48.7,C,,R2,WARM,0,0,,,,,,,,政策/综合评分不足，禁止配置,3.018,3.013,3.041,,,-0.001657,0.007621,,,0.009278,-0.003976,0.000331,0.008592,,,-0.001988,-0.000971,,,True,pending
main,2026-04-24,515880,通信ETF,AVOID,47.6,C,,R2,WARM,0,0,,,,,,,,政策/综合评分不足，禁止配置,1.339,1.355,1.328,,,0.011949,-0.008215,,,0.024645,-0.029126,0.000331,0.008592,,,0.011618,-0.016807,,,True,pending
main,2026-04-24,510500,中证500ETF,AVOID,46.8,C,,R2,WARM,0,0,,,,,,,,政策/综合评分不足，禁止配置,8.323,8.368,8.422,,,0.005407,0.011895,,,0.013577,-0.010693,0.000331,0.008592,,,0.005075,0.003302,,,True,pending
main,2026-04-24,300274,阳光电源,AVOID,45.8,C,,R2,WARM,0,0,,,,,,,,政策/综合评分不足，禁止配置,133.79,131.39,138.07,,,-0.017939,0.03199,,,0.038045,-0.06712,0.000331,0.008592,,,-0.01827,0.023398,,,True,pending
main,2026-04-24,600036,招商银行,AVOID,45.1,C,,R2,WARM,0,0,,,,,,,,政策/综合评分不足，禁止配置,39.38,39.38,38.5,,,0.0,-0.022346,,,0.01549,-0.026409,0.000331,0.008592,,,-0.000331,-0.030939,,,True,pending
main,2026-04-24,515790,光伏ETF,AVOID,44.7,C,,R2,WARM,0,0,,,,,,,,政策/综合评分不足，禁止配置,1.062,1.053,1.059,,,-0.008475,-0.002825,,,0.001883,-0.037665,0.000331,0.008592,,,-0.008806,-0.011417,,,True,pending
main,2026-04-24,159715,稀土ETF,AVOID,43.9,C,,R2,WARM,0,0,,,,,,,,政策/综合评分不足，禁止配置,1.3,1.3,1.35,,,0.0,0.038462,,,0.038462,-0.024615,0.000331,0.008592,,,-0.000331,0.029869,,,True,pending
main,2026-04-24,515220,煤炭ETF,AVOID,43.8,C,,R2,WARM,0,0,,,,,,,,政策/综合评分不足，禁止配置,1.247,1.254,1.32,,,0.005613,0.05854,,,0.068966,-0.02085,0.000331,0.008592,,,0.005282,0.049948,,,True,pending
main,2026-04-24,159870,化工ETF,AVOID,43.6,C,,R2,WARM,0,0,,,,,,,,政策/综合评分不足，禁止配置,0.92,0.926,0.956,,,0.006522,0.03913,,,0.043478,-0.005435,0.000331,0.008592,,,0.00619,0.030538,,,True,pending
main,2026-04-24,159941,纳指ETF,AVOID,43.2,C,,R2,WARM,0,0,,,,,,,,政策/综合评分不足，禁止配置,1.418,1.45,1.452,,,0.022567,0.023977,,,0.03103,0.009873,0.000331,0.008592,,,0.022236,0.015385,,,False,pending
main,2026-04-24,515850,证券ETF,AVOID,40.4,C,,R2,WARM,0,0,,,,,,,,政策/综合评分不足，禁止配置,1.31,1.311,1.333,,,0.000763,0.017557,,,0.023664,-0.001527,0.000331,0.008592,,,0.000432,0.008965,,,True,pending
main,2026-04-24,512400,有色金属ETF,AVOID,40.0,C,,R2,WARM,0,0,,,,,,,,政策/综合评分不足，禁止配置,2.118,2.095,2.14,,,-0.010859,0.010387,,,0.010387,-0.040604,0.000331,0.008592,,,-0.011191,0.001795,,,True,pending
main,2026-04-24,159567,港股创新药ETF,AVOID,39.1,D,,R2,WARM,0,0,,,,,,,,政策/综合评分不足，禁止配置,0.768,0.764,0.754,,,-0.005208,-0.018229,,,0.016927,-0.020833,0.000331,0.008592,,,-0.00554,-0.026821,,,True,pending
main,2026-04-24,518880,黄金ETF,AVOID,38.5,D,,R2,WARM,0,0,,,,,,,,政策/综合评分不足，禁止配置,9.826,9.897,9.637,,,0.007226,-0.019235,,,0.009261,-0.019947,0.000331,0.008592,,,0.006894,-0.027827,,,True,pending
main,2026-04-24,513180,恒生科技ETF,AVOID,37.2,D,,R2,WARM,0,0,,,,,,,,政策/综合评分不足，禁止配置,0.628,0.632,0.628,,,0.006369,0.0,,,0.014331,-0.015924,0.000331,0.008592,,,0.006038,-0.008592,,,True,pending
main,2026-04-24,159275,农牧渔ETF,AVOID,36.4,D,,R2,WARM,0,0,,,,,,,,政策/综合评分不足，禁止配置,0.94,0.931,0.957,,,-0.009574,0.018085,,,0.029787,-0.014894,0.000331,0.008592,,,-0.009906,0.009493,,,True,pending
main,2026-04-27,002371,北方华创,HOLD,74.7,A,,R2,WARM,3.5,6.0,,,,,,,,连涨1日+距MA5偏+7.9%，追高风险，等待回踩MA,516.25,517.21,,,,0.00186,,,,0.040678,-0.027215,-0.00267,,,,0.00453,,,,False,pending
main,2026-04-27,512480,半导体ETF,HOLD,71.5,A,,R2,WARM,3.5,6.0,,,,,,,,连涨2日+距MA5偏+4.8%，追高风险，等待回踩MA,1.755,1.735,,,,-0.011396,,,,0.015385,-0.043875,-0.00267,,,,-0.008726,,,,False,pending
main,2026-04-27,159995,芯片ETF,HOLD,70.4,A,,R2,WARM,3.5,6.0,,,,,,,,连涨2日+距MA5偏+5.0%，追高风险，等待回踩MA,2.006,1.98,,,,-0.012961,,,,0.015952,-0.045364,-0.00267,,,,-0.010291,,,,False,pending
main,2026-04-27,588080,科创50ETF,REDUCE,68.2,B,,R2,WARM,0,6.0,,,,,,,,当前机制R2不支持B级品种,1.544,1.52,,,,-0.015544,,,,0.009715,-0.03886,-0.00267,,,,-0.012874,,,,False,pending
main,2026-04-27,159326,电网设备ETF,REDUCE,63.1,B,,R2,WARM,0,6.0,,,,,,,,当前机制R2不支持B级品种,1.983,1.943,,,,-0.020171,,,,-0.004539,-0.029249,-0.00267,,,,-0.017501,,,,False,pending
main,2026-04-27,561980,半导体设备ETF,REDUCE,60.7,B,,R2,WARM,0,6.0,,,,,,,,当前机制R2不支持B级品种,2.499,2.495,,,,-0.001601,,,,0.028011,-0.037215,-0.00267,,,,0.00107,,,,False,pending
main,2026-04-27,159206,卫星ETF,REDUCE,59.4,B,,R2,WARM,0,6.0,,,,,,,,当前机制R2不支持B级品种,1.82,1.78,,,,-0.021978,,,,0.007143,-0.032967,-0.00267,,,,-0.019308,,,,False,pending
main,2026-04-27,562500,机器人ETF,REDUCE,59.3,B,,R2,WARM,0,6.0,,,,,,,,当前机制R2不支持B级品种,1.033,1.012,,,,-0.020329,,,,-0.006776,-0.030978,-0.00267,,,,-0.017659,,,,False,pending
main,2026-04-27,562960,绿色电力ETF,REDUCE,59.1,B,,R2,WARM,0,6.0,,,,,,,,当前机制R2不支持B级品种,1.211,1.217,,,,0.004955,,,,0.009909,-0.012386,-0.00267,,,,0.007625,,,,False,pending
main,2026-04-27,561910,电池ETF,REDUCE,59.0,B,,R2,WARM,0,6.0,,,,,,,,当前机制R2不支持B级品种,0.931,0.913,,,,-0.019334,,,,0.037594,-0.029001,-0.00267,,,,-0.016664,,,,False,pending
main,2026-04-27,159941,纳指ETF,REDUCE,58.2,B,,R2,WARM,0,6.0,,,,,,,,当前机制R2不支持B级品种,1.45,1.457,,,,0.004828,,,,0.008276,-0.002069,-0.00267,,,,0.007498,,,,False,pending
main,2026-04-27,159667,工业母机ETF,REDUCE,57.9,B,,R2,WARM,0,6.0,,,,,,,,当前机制R2不支持B级品种,2.001,1.955,,,,-0.022989,,,,0.013993,-0.035482,-0.00267,,,,-0.020318,,,,False,pending
main,2026-04-27,515880,通信ETF,REDUCE,56.7,B,,R2,WARM,0,6.0,,,,,,,,当前机制R2不支持B级品种,1.355,1.327,,,,-0.020664,,,,-0.001476,-0.04059,-0.00267,,,,-0.017994,,,,False,pending
main,2026-04-27,600900,长江电力,REDUCE,56.4,B,,R2,WARM,0,6.0,,,,,,,,当前机制R2不支持B级品种,26.66,26.73,,,,0.002626,,,,0.005251,-0.002251,-0.00267,,,,0.005296,,,,False,pending
main,2026-04-27,510500,中证500ETF,REDUCE,56.1,B,,R2,WARM,0,6.0,,,,,,,,当前机制R2不支持B级品种,8.368,8.273,,,,-0.011353,,,,0.008126,-0.016013,-0.00267,,,,-0.008682,,,,False,pending
main,2026-04-27,600989,宝丰能源,AVOID,56.1,B,,R2,WARM,0,0,,,,,,,,政策/综合评分不足，禁止配置,29.66,30.96,,,,0.04383,,,,0.055293,-0.003034,-0.00267,,,,0.0465,,,,True,pending
main,2026-04-27,510050,上证50ETF,REDUCE,55.6,B,,R2,WARM,0,6.0,,,,,,,,当前机制R2不支持B级品种,3.013,3.024,,,,0.003651,,,,0.010953,-0.002323,-0.00267,,,,0.006321,,,,False,pending
main,2026-04-27,516850,新能源ETF,REDUCE,55.3,B,,R2,WARM,0,6.0,,,,,,,,当前机制R2不支持B级品种,1.181,1.163,,,,-0.015241,,,,0.024555,-0.026249,-0.00267,,,,-0.012571,,,,False,pending
main,2026-04-27,515450,红利低波50,AVOID,54.8,C,,R2,WARM,0,0,,,,,,,,政策/综合评分不足，禁止配置,1.433,1.441,,,,0.005583,,,,0.011863,-0.002791,-0.00267,,,,0.008253,,,,True,pending
main,2026-04-27,159611,电力ETF,AVOID,54.6,C,,R2,WARM,0,0,,,,,,,,政策/综合评分不足，禁止配置,1.116,1.123,,,,0.006272,,,,0.013441,-0.010753,-0.00267,,,,0.008943,,,,True,pending
main,2026-04-27,159915,创业板ETF,AVOID,50.9,C,,R2,WARM,0,0,,,,,,,,政策/综合评分不足，禁止配置,3.652,3.602,,,,-0.013691,,,,0.013143,-0.020263,-0.00267,,,,-0.011021,,,,True,pending
main,2026-04-27,518880,黄金ETF,AVOID,49.5,C,,R2,WARM,0,0,,,,,,,,政策/综合评分不足，禁止配置,9.897,9.732,,,,-0.016672,,,,-0.004345,-0.026978,-0.00267,,,,-0.014001,,,,True,pending
main,2026-04-27,515790,光伏ETF,AVOID,49.0,C,,R2,WARM,0,0,,,,,,,,政策/综合评分不足，禁止配置,1.053,1.04,,,,-0.012346,,,,0.010446,-0.02944,-0.00267,,,,-0.009675,,,,True,pending
main,2026-04-27,159870,化工ETF,AVOID,48.4,C,,R2,WARM,0,0,,,,,,,,政策/综合评分不足，禁止配置,0.926,0.927,,,,0.00108,,,,0.036717,-0.011879,-0.00267,,,,0.00375,,,,True,pending
main,2026-04-27,515220,煤炭ETF,AVOID,47.5,C,,R2,WARM,0,0,,,,,,,,政策/综合评分不足，禁止配置,1.254,1.298,,,,0.035088,,,,0.062998,-0.008772,-0.00267,,,,0.037758,,,,True,pending
main,2026-04-27,513180,恒生科技ETF,AVOID,46.6,C,,R2,WARM,0,0,,,,,,,,政策/综合评分不足，禁止配置,0.632,0.621,,,,-0.017405,,,,0.0,-0.022152,-0.00267,,,,-0.014735,,,,True,pending
main,2026-04-27,601398,工商银行,AVOID,46.3,C,,R2,WARM,0,0,,,,,,,,政策/综合评分不足，禁止配置,7.51,7.53,,,,0.002663,,,,0.003995,-0.009321,-0.00267,,,,0.005333,,,,True,pending
main,2026-04-27,515850,证券ETF,AVOID,45.6,C,,R2,WARM,0,0,,,,,,,,政策/综合评分不足，禁止配置,1.311,1.325,,,,0.010679,,,,0.022883,0.002288,-0.00267,,,,0.013349,,,,False,pending
main,2026-04-27,300274,阳光电源,AVOID,45.5,C,,R2,WARM,0,0,,,,,,,,政策/综合评分不足，禁止配置,131.39,129.89,,,,-0.011416,,,,0.057006,-0.05008,-0.00267,,,,-0.008746,,,,True,pending
main,2026-04-27,600036,招商银行,AVOID,45.3,C,,R2,WARM,0,0,,,,,,,,政策/综合评分不足，禁止配置,39.38,39.6,,,,0.005587,,,,0.006348,-0.026409,-0.00267,,,,0.008257,,,,True,pending
main,2026-04-27,159715,稀土ETF,AVOID,44.2,C,,R2,WARM,0,0,,,,,,,,政策/综合评分不足，禁止配置,1.3,1.272,,,,-0.021538,,,,0.038462,-0.024615,-0.00267,,,,-0.018868,,,,True,pending
main,2026-04-27,159275,农牧渔ETF,AVOID,42.6,C,,R2,WARM,0,0,,,,,,,,政策/综合评分不足，禁止配置,0.931,0.939,,,,0.008593,,,,0.039742,-0.005371,-0.00267,,,,0.011263,,,,True,pending
main,2026-04-27,512400,有色金属ETF,AVOID,42.2,C,,R2,WARM,0,0,,,,,,,,政策/综合评分不足，禁止配置,2.095,2.043,,,,-0.024821,,,,0.02148,-0.030072,-0.00267,,,,-0.022151,,,,True,pending
main,2026-04-27,159567,港股创新药ETF,AVOID,41.2,C,,R2,WARM,0,0,,,,,,,,政策/综合评分不足，禁止配置,0.764,0.756,,,,-0.010471,,,,0.022251,-0.015707,-0.00267,,,,-0.007801,,,,True,pending
main,2026-04-28,002371,北方华创,HOLD,68.1,B,,R1,WARM,2.0,8.0,,,,,,,,观察中，暂不建仓,517.21,510.71,,,,-0.012567,,,,1.9e-05,-0.029021,0.010958,,,,-0.023525,,,,False,pending
main,2026-04-28,512480,半导体ETF,HOLD,66.5,B,,R1,WARM,2.0,8.0,,,,,,,,观察中，暂不建仓,1.735,1.732,,,,-0.001729,,,,0.0,-0.032853,0.010958,,,,-0.012687,,,,False,pending
main,2026-04-28,159995,芯片ETF,HOLD,65.8,B,,R1,WARM,2.0,8.0,,,,,,,,观察中，暂不建仓,1.98,1.97,,,,-0.005051,,,,-0.003535,-0.032828,0.010958,,,,-0.016008,,,,False,pending
main,2026-04-28,561980,半导体设备ETF,HOLD,65.6,B,,R1,WARM,2.0,8.0,,,,,,,,观察中，暂不建仓,2.495,2.487,,,,-0.003206,,,,-0.002806,-0.035671,0.010958,,,,-0.014164,,,,False,pending
main,2026-04-28,588080,科创50ETF,HOLD,62.1,B,,R1,WARM,1.0,6.0,,,,,,,,观察中，暂不建仓,1.52,1.526,,,,0.003947,,,,0.005263,-0.023684,0.010958,,,,-0.007011,,,,False,pending
main,2026-04-28,562500,机器人ETF,HOLD,59.8,B,,R1,WARM,1.6,8.0,,,,,,,,观察中，暂不建仓,1.012,1.021,,,,0.008893,,,,0.01087,-0.01087,0.010958,,,,-0.002065,,,,False,pending
main,2026-04-28,159326,电网设备ETF,HOLD,58.5,B,,R1,WARM,2.5,8.0,,,,,,,,观察中，暂不建仓,1.943,1.965,,,,0.011323,,,,0.014411,-0.009264,0.010958,,,,0.000365,,,,False,pending
main,2026-04-28,159941,纳指ETF,HOLD,55.0,B,,R1,WARM,1.0,6.0,,,,,,,,观察中，暂不建仓,1.457,1.452,,,,-0.003432,,,,0.0,-0.006863,0.010958,,,,-0.01439,,,,False,pending
main,2026-04-28,515880,通信ETF,AVOID,53.0,C,,R1,WARM,0,0,,,,,,,,政策/综合评分不足，禁止配置,1.327,1.328,,,,0.000754,,,,0.009797,-0.020347,0.010958,,,,-0.010204,,,,True,pending
main,2026-04-28,562960,绿色电力ETF,AVOID,52.3,C,,R1,WARM,0,0,,,,,,,,政策/综合评分不足，禁止配置,1.217,1.219,,,,0.001643,,,,0.00493,-0.012325,0.010958,,,,-0.009315,,,,True,pending
main,2026-04-28,159667,工业母机ETF,AVOID,52.1,C,,R1,WARM,0,0,,,,,,,,政策/综合评分不足，禁止配置,1.955,2.024,,,,0.035294,,,,0.037852,-0.012788,0.010958,,,,0.024336,,,,True,pending
main,2026-04-28,515450,红利低波50,AVOID,51.6,C,,R1,WARM,0,0,,,,,,,,政策/综合评分不足，禁止配置,1.441,1.445,,,,0.002776,,,,0.006246,-0.001388,0.010958,,,,-0.008182,,,,True,pending
main,2026-04-28,600989,宝丰能源,AVOID,51.4,C,,R1,WARM,0,0,,,,,,,,政策/综合评分不足，禁止配置,30.96,31.13,,,,0.005491,,,,0.010982,-0.018411,0.010958,,,,-0.005467,,,,True,pending
main,2026-04-28,159611,电力ETF,AVOID,50.9,C,,R1,WARM,0,0,,,,,,,,政策/综合评分不足，禁止配置,1.123,1.124,,,,0.00089,,,,0.007124,-0.010686,0.010958,,,,-0.010067,,,,True,pending
main,2026-04-28,510050,上证50ETF,AVOID,50.7,C,,R1,WARM,0,0,,,,,,,,政策/综合评分不足，禁止配置,3.024,3.041,,,,0.005622,,,,0.007275,-0.003307,0.010958,,,,-0.005336,,,,True,pending
main,2026-04-28,510500,中证500ETF,AVOID,50.0,C,,R1,WARM,0,0,,,,,,,,政策/综合评分不足，禁止配置,8.273,8.422,,,,0.01801,,,,0.019703,-0.004714,0.010958,,,,0.007052,,,,True,pending
main,2026-04-28,515850,证券ETF,AVOID,49.5,C,,R1,WARM,0,0,,,,,,,,政策/综合评分不足，禁止配置,1.325,1.333,,,,0.006038,,,,0.006792,-0.004528,0.010958,,,,-0.00492,,,,True,pending
main,2026-04-28,515220,煤炭ETF,AVOID,49.5,C,,R1,WARM,0,0,,,,,,,,政策/综合评分不足，禁止配置,1.298,1.32,,,,0.016949,,,,0.026965,-0.007704,0.010958,,,,0.005991,,,,True,pending
main,2026-04-28,159206,卫星ETF,AVOID,48.9,C,,R1,WARM,0,0,,,,,,,,政策/综合评分不足，禁止配置,1.78,1.784,,,,0.002247,,,,0.004494,-0.011236,0.010958,,,,-0.008711,,,,True,pending
main,2026-04-28,600036,招商银行,AVOID,48.4,C,,R1,WARM,0,0,,,,,,,,政策/综合评分不足，禁止配置,39.6,38.5,,,,-0.027778,,,,-0.014646,-0.031818,0.010958,,,,-0.038736,,,,True,pending
main,2026-04-28,561910,电池ETF,AVOID,48.3,C,,R1,WARM,0,0,,,,,,,,政策/综合评分不足，禁止配置,0.913,0.966,,,,0.05805,,,,0.05805,-0.009858,0.010958,,,,0.047092,,,,True,pending
main,2026-04-28,159870,化工ETF,AVOID,47.8,C,,R1,WARM,0,0,,,,,,,,政策/综合评分不足，禁止配置,0.927,0.956,,,,0.031284,,,,0.035599,-0.010787,0.010958,,,,0.020326,,,,True,pending
main,2026-04-28,600900,长江电力,AVOID,45.9,C,,R1,WARM,0,0,,,,,,,,政策/综合评分不足，禁止配置,26.73,26.77,,,,0.001496,,,,0.002619,-0.004863,0.010958,,,,-0.009461,,,,True,pending
main,2026-04-28,159915,创业板ETF,AVOID,45.8,C,,R1,WARM,0,0,,,,,,,,政策/综合评分不足，禁止配置,3.602,3.694,,,,0.025541,,,,0.027207,-0.006663,0.010958,,,,0.014583,,,,True,pending
main,2026-04-28,516850,新能源ETF,AVOID,44.8,C,,R1,WARM,0,0,,,,,,,,政策/综合评分不足，禁止配置,1.163,1.209,,,,0.039553,,,,0.040413,-0.011178,0.010958,,,,0.028595,,,,True,pending
main,2026-04-28,601398,工商银行,AVOID,42.7,C,,R1,WARM,0,0,,,,,,,,政策/综合评分不足，禁止配置,7.53,7.47,,,,-0.007968,,,,0.001328,-0.011952,0.010958,,,,-0.018926,,,,True,pending
main,2026-04-28,515790,光伏ETF,AVOID,40.0,C,,R1,WARM,0,0,,,,,,,,政策/综合评分不足，禁止配置,1.04,1.059,,,,0.018269,,,,0.023077,-0.017308,0.010958,,,,0.007311,,,,True,pending
main,2026-04-28,300274,阳光电源,AVOID,39.0,D,,R1,WARM,0,0,,,,,,,,政策/综合评分不足，禁止配置,129.89,138.07,,,,0.062976,,,,0.069212,-0.02225,0.010958,,,,0.052018,,,,True,pending
main,2026-04-28,159715,稀土ETF,AVOID,38.6,D,,R1,WARM,0,0,,,,,,,,政策/综合评分不足，禁止配置,1.272,1.35,,,,0.061321,,,,0.061321,-0.003145,0.010958,,,,0.050363,,,,True,pending
main,2026-04-28,518880,黄金ETF,AVOID,38.1,D,,R1,WARM,0,0,,,,,,,,政策/综合评分不足，禁止配置,9.732,9.637,,,,-0.009762,,,,-0.005343,-0.010481,0.010958,,,,-0.02072,,,,True,pending
main,2026-04-28,513180,恒生科技ETF,AVOID,37.3,D,,R1,WARM,0,0,,,,,,,,政策/综合评分不足，禁止配置,0.621,0.628,,,,0.011272,,,,0.014493,0.003221,0.010958,,,,0.000314,,,,False,pending
main,2026-04-28,159567,港股创新药ETF,AVOID,34.9,D,,R1,WARM,0,0,,,,,,,,政策/综合评分不足，禁止配置,0.756,0.754,,,,-0.002646,,,,0.010582,-0.005291,0.010958,,,,-0.013603,,,,True,pending
main,2026-04-28,159275,农牧渔ETF,AVOID,34.8,D,,R1,WARM,0,0,,,,,,,,政策/综合评分不足，禁止配置,0.939,0.957,,,,0.019169,,,,0.030884,-0.001065,0.010958,,,,0.008211,,,,True,pending
main,2026-04-28,512400,有色金属ETF,AVOID,33.8,D,,R1,WARM,0,0,,,,,,,,政策/综合评分不足，禁止配置,2.043,2.14,,,,0.047479,,,,0.047479,-0.005384,0.010958,,,,0.036521,,,,True,pending
main,2026-04-29,002371,北方华创,REDUCE,65.6,B,,R2,WARM,0,6.0,,,,,,,,当前机制R2不支持B级品种,510.71,,,,,,,,,,,,,,,,,,,,pending
main,2026-04-29,512480,半导体ETF,REDUCE,63.3,B,,R2,WARM,0,6.0,,,,,,,,当前机制R2不支持B级品种,1.732,,,,,,,,,,,,,,,,,,,,pending
main,2026-04-29,159995,芯片ETF,REDUCE,62.4,B,,R2,WARM,0,6.0,,,,,,,,当前机制R2不支持B级品种,1.97,,,,,,,,,,,,,,,,,,,,pending
main,2026-04-29,561980,半导体设备ETF,REDUCE,62.2,B,,R2,WARM,0,6.0,,,,,,,,当前机制R2不支持B级品种,2.487,,,,,,,,,,,,,,,,,,,,pending
main,2026-04-29,588080,科创50ETF,REDUCE,59.6,B,,R2,WARM,0,6.0,,,,,,,,当前机制R2不支持B级品种,1.526,,,,,,,,,,,,,,,,,,,,pending
main,2026-04-29,159326,电网设备ETF,REDUCE,59.2,B,,R2,WARM,0,6.0,,,,,,,,当前机制R2不支持B级品种,1.965,,,,,,,,,,,,,,,,,,,,pending
main,2026-04-29,562500,机器人ETF,REDUCE,59.1,B,,R2,WARM,0,6.0,,,,,,,,当前机制R2不支持B级品种,1.021,,,,,,,,,,,,,,,,,,,,pending
main,2026-04-29,562960,绿色电力ETF,AVOID,54.2,C,,R2,WARM,0,0,,,,,,,,政策/综合评分不足，禁止配置,1.219,,,,,,,,,,,,,,,,,,,,pending
main,2026-04-29,159206,卫星ETF,AVOID,53.4,C,,R2,WARM,0,0,,,,,,,,政策/综合评分不足，禁止配置,1.784,,,,,,,,,,,,,,,,,,,,pending
main,2026-04-29,515450,红利低波50,AVOID,53.2,C,,R2,WARM,0,0,,,,,,,,政策/综合评分不足，禁止配置,1.445,,,,,,,,,,,,,,,,,,,,pending
main,2026-04-29,159611,电力ETF,AVOID,52.5,C,,R2,WARM,0,0,,,,,,,,政策/综合评分不足，禁止配置,1.124,,,,,,,,,,,,,,,,,,,,pending
main,2026-04-29,159667,工业母机ETF,AVOID,52.3,C,,R2,WARM,0,0,,,,,,,,政策/综合评分不足，禁止配置,2.024,,,,,,,,,,,,,,,,,,,,pending
main,2026-04-29,159941,纳指ETF,AVOID,51.2,C,,R2,WARM,0,0,,,,,,,,政策/综合评分不足，禁止配置,1.452,,,,,,,,,,,,,,,,,,,,pending
main,2026-04-29,515880,通信ETF,AVOID,50.8,C,,R2,WARM,0,0,,,,,,,,政策/综合评分不足，禁止配置,1.328,,,,,,,,,,,,,,,,,,,,pending
main,2026-04-29,561910,电池ETF,AVOID,50.6,C,,R2,WARM,0,0,,,,,,,,政策/综合评分不足，禁止配置,0.966,,,,,,,,,,,,,,,,,,,,pending
main,2026-04-29,510050,上证50ETF,AVOID,50.1,C,,R2,WARM,0,0,,,,,,,,政策/综合评分不足，禁止配置,3.041,,,,,,,,,,,,,,,,,,,,pending
main,2026-04-29,600036,招商银行,AVOID,49.5,C,,R2,WARM,0,0,,,,,,,,政策/综合评分不足，禁止配置,38.5,,,,,,,,,,,,,,,,,,,,pending
main,2026-04-29,510500,中证500ETF,AVOID,49.4,C,,R2,WARM,0,0,,,,,,,,政策/综合评分不足，禁止配置,8.422,,,,,,,,,,,,,,,,,,,,pending
main,2026-04-29,600900,长江电力,AVOID,49.2,C,,R2,WARM,0,0,,,,,,,,政策/综合评分不足，禁止配置,26.77,,,,,,,,,,,,,,,,,,,,pending
main,2026-04-29,515850,证券ETF,AVOID,48.9,C,,R2,WARM,0,0,,,,,,,,政策/综合评分不足，禁止配置,1.333,,,,,,,,,,,,,,,,,,,,pending
main,2026-04-29,516850,新能源ETF,AVOID,48.2,C,,R2,WARM,0,0,,,,,,,,政策/综合评分不足，禁止配置,1.209,,,,,,,,,,,,,,,,,,,,pending
main,2026-04-29,600989,宝丰能源,AVOID,48.0,C,,R2,WARM,0,0,,,,,,,,政策/综合评分不足，禁止配置,31.13,,,,,,,,,,,,,,,,,,,,pending
main,2026-04-29,159915,创业板ETF,AVOID,47.1,C,,R2,WARM,0,0,,,,,,,,政策/综合评分不足，禁止配置,3.694,,,,,,,,,,,,,,,,,,,,pending
main,2026-04-29,515220,煤炭ETF,AVOID,45.8,C,,R2,WARM,0,0,,,,,,,,政策/综合评分不足，禁止配置,1.32,,,,,,,,,,,,,,,,,,,,pending
main,2026-04-29,515790,光伏ETF,AVOID,45.0,C,,R2,WARM,0,0,,,,,,,,政策/综合评分不足，禁止配置,1.059,,,,,,,,,,,,,,,,,,,,pending
main,2026-04-29,300274,阳光电源,AVOID,44.9,C,,R2,WARM,0,0,,,,,,,,政策/综合评分不足，禁止配置,138.07,,,,,,,,,,,,,,,,,,,,pending
main,2026-04-29,159870,化工ETF,AVOID,44.5,C,,R2,WARM,0,0,,,,,,,,政策/综合评分不足，禁止配置,0.956,,,,,,,,,,,,,,,,,,,,pending
main,2026-04-29,601398,工商银行,AVOID,44.4,C,,R2,WARM,0,0,,,,,,,,政策/综合评分不足，禁止配置,7.47,,,,,,,,,,,,,,,,,,,,pending
main,2026-04-29,159715,稀土ETF,AVOID,42.4,C,,R2,WARM,0,0,,,,,,,,政策/综合评分不足，禁止配置,1.35,,,,,,,,,,,,,,,,,,,,pending
main,2026-04-29,518880,黄金ETF,AVOID,40.6,C,,R2,WARM,0,0,,,,,,,,政策/综合评分不足，禁止配置,9.637,,,,,,,,,,,,,,,,,,,,pending
main,2026-04-29,513180,恒生科技ETF,AVOID,40.4,C,,R2,WARM,0,0,,,,,,,,政策/综合评分不足，禁止配置,0.628,,,,,,,,,,,,,,,,,,,,pending
main,2026-04-29,159567,港股创新药ETF,AVOID,40.0,C,,R2,WARM,0,0,,,,,,,,政策/综合评分不足，禁止配置,0.754,,,,,,,,,,,,,,,,,,,,pending
main,2026-04-29,159275,农牧渔ETF,AVOID,39.0,D,,R2,WARM,0,0,,,,,,,,政策/综合评分不足，禁止配置,0.957,,,,,,,,,,,,,,,,,,,,pending
main,2026-04-29,512400,有色金属ETF,AVOID,38.5,D,,R2,WARM,0,0,,,,,,,,政策/综合评分不足，禁止配置,2.14,,,,,,,,,,,,,,,,,,,,pending
